<?xml version='1.0' encoding='utf-8'?>
<widget id="com.appsmobilecompany.base" version="1.0" xmlns="http://www.w3.org/ns/widgets" xmlns:cdv="http://cordova.apache.org/ns/1.0">
    <name>AppsMobileCompany</name>
    <description>Apps Mobile Company app source code</description>
    <author>Apps Mobile Company Dev Team</author>
    <content src="index.html" />
    <access origin="*" />
    <access origin="cdvfile://*" />
    <access launch-external="yes" origin="tel:*" />
    <access launch-external="yes" origin="geo:*" />
    <access launch-external="yes" origin="mailto:*" />
    <access launch-external="yes" origin="sms:*" />
    <allow-navigation href="*" />
    <allow-intent href="tel:*" />
    <allow-intent href="geo:*" />
    <allow-intent href="mailto:*" />
    <allow-intent href="sms:*" />
    <chcp>
        <config-file url="PLATFORM_URL" />
        <native-interface version="9" />
        <auto-download enabled="false" />
        <auto-install enabled="false" />
    </chcp>
    <icon density="xxxhdpi" src="resources/android/icon/drawable-xxxhdpi-icon.png" />
    <splash density="xxxhdpi" src="resources/android/splash/drawable-xxxhdpi-screen.jpg" />
    <resource-file src="resources/google-services.json" target="app/google-services.json" />
    <preference name="loglevel" value="DEBUG" />
    <preference name="webviewbounce" value="false" />
    <preference name="UIWebViewBounce" value="false" />
    <preference name="DisallowOverscroll" value="true" />
    <preference name="android-minSdkVersion" value="19" />
    <preference name="android-targetSdkVersion" value="27" />
    <preference name="BackupWebStorage" value="none" />
    <preference name="SplashShowOnlyFirstTime" value="false" />
    <preference name="AutoHideSplashScreen" value="false" />
    <preference name="FadeSplashScreen" value="true" />
    <preference name="FadeSplashScreenDuration" value="500" />
    <preference name="SplashMaintainAspectRatio" value="true" />
    <preference name="applicationId" value="${applicationId}" />
    <preference name="loadUrlTimeoutValue" value="60000" />
    <feature name="HotCodePush">
        <param name="android-package" value="com.nordnetab.chcp.main.HotCodePushPlugin" />
        <param name="onload" value="true" />
    </feature>
    <feature name="SplashScreen">
        <param name="android-package" value="org.apache.cordova.splashscreen.SplashScreen" />
        <param name="onload" value="true" />
    </feature>
    <feature name="PushNotification">
        <param name="android-package" value="com.adobe.phonegap.push.PushPlugin" />
    </feature>
    <feature name="WebViewPlugin">
        <param name="android-package" value="com.webview.WebViewPlugin" />
    </feature>
    <feature name="AdMob">
        <param name="android-package" value="com.rjfun.cordova.admob.AdMobPlugin" />
        <param name="onload" value="true" />
    </feature>
    <feature name="AppVersion">
        <param name="android-package" value="uk.co.whiteoctober.cordova.AppVersion" />
    </feature>
    <feature name="BarcodeScanner">
        <param name="android-package" value="com.phonegap.plugins.barcodescanner.BarcodeScanner" />
    </feature>
    <feature name="Camera">
        <param name="android-package" value="org.apache.cordova.camera.CameraLauncher" />
    </feature>
    <feature name="Clipboard">
        <param name="android-package" value="com.verso.cordova.clipboard.Clipboard" />
    </feature>
    <feature name="Device">
        <param name="android-package" value="org.apache.cordova.device.Device" />
    </feature>
    <feature name="File">
        <param name="android-package" value="org.apache.cordova.file.FileUtils" />
        <param name="onload" value="true" />
    </feature>
    <allow-navigation href="cdvfile:*" />
    <feature name="GeofencePlugin">
        <param name="android-package" value="com.cowbell.cordova.geofence.GeofencePlugin" />
    </feature>
    <feature name="Geolocation">
        <param name="android-package" value="org.apache.cordova.geolocation.Geolocation" />
    </feature>
    <feature name="InAppBrowser">
        <param name="android-package" value="org.apache.cordova.inappbrowser.InAppBrowser" />
    </feature>
    <feature name="Keyboard">
        <param name="android-package" value="io.ionic.keyboard.IonicKeyboard" />
        <param name="onload" value="true" />
    </feature>
    <feature name="SocialSharing">
        <param name="android-package" value="nl.xservices.plugins.SocialSharing" />
    </feature>
    <feature name="StatusBar">
        <param name="android-package" value="org.apache.cordova.statusbar.StatusBar" />
        <param name="onload" value="true" />
    </feature>
    <feature name="Whitelist">
        <param name="android-package" value="org.apache.cordova.whitelist.WhitelistPlugin" />
        <param name="onload" value="true" />
    </feature>
    <feature name="LocalNotification">
        <param name="android-package" value="de.appplant.cordova.plugin.localnotification.LocalNotification" />
    </feature>
    <feature name="OfflineMode">
        <param name="android-package" value="com.appsmobilecompany.base.OfflineMode" />
        <param name="onload" value="true" />
    </feature>
    <feature name="Insomnia">
        <param name="android-package" value="nl.xservices.plugins.Insomnia" />
    </feature>
    <feature name="MusicControls">
        <param name="android-package" value="com.homerours.musiccontrols.MusicControls" />
    </feature>
</widget>
